{
  "senderSessionSummary": {
    "summarySource": {
      "macAddress": "48:88:CA:F2:03:5E",
      "localIP": "192.168.43.1",
      "vendor": "LENOVO",
      "model": "Lenovo A1000",
      "os": "Android",
      "osVersion": "5.0",
      "roleOfParticipant": "PEER",
      "isHotspot": true,
      "nameOfModelClass": "Device",
      "filename": "device_null_null_021218_143348.json",
      "wholePath": "data/models/devices/device_LENOVO_Lenovo A1000_021218_152433.json",
      "customPrefix": ""
    },
    "sendParameters": {
      "soundProductionUnit": "LOUD_SPEAKERS",
      "loudnessLevel": 50,
      "message": "Autem numquam ad.",
      "frequenciesBindingShift": 0,
      "frequenciesBindingScale": 1.0
    },
    "sessionStartDate": 1543760669046
  },
  "receiverSessionSummary": {
    "summarySource": {
      "macAddress": "D4:38:9C:41:1C:9D",
      "localIP": "192.168.43.162",
      "vendor": "Sony",
      "model": "E6633",
      "os": "Android",
      "osVersion": "7.1.1",
      "roleOfParticipant": "PEER",
      "isHotspot": false,
      "nameOfModelClass": "Device",
      "filename": "device_null_null_021218_143350.json",
      "wholePath": "data/models/devices/device_Sony_E6633_021218_143353.json",
      "customPrefix": ""
    },
    "receiveParameters": {
      "soundConsumptionUnit": "MICROPHONE",
      "frequenciesBindingShift": 0,
      "frequenciesBindingScale": 1.0
    },
    "message": "null",
    "sessionStartDate": 1543757625896,
    "exceptionDuringDecoding": {
      "detailMessage": "length\u003d56; regionStart\u003d45; regionLength\u003d-1",
      "stackTrace": [
        {
          "declaringClass": "java.lang.String",
          "methodName": "substring",
          "fileName": "String.java",
          "lineNumber": 1931
        },
        {
          "declaringClass": "com.luckynick.android.test.SoundRecognizer",
          "methodName": "iterateForFrequencies",
          "fileName": "SoundRecognizer.java",
          "lineNumber": 185
        },
        {
          "declaringClass": "com.luckynick.android.test.SoundRecognizer",
          "methodName": "iterateForFrequencies",
          "fileName": "SoundRecognizer.java",
          "lineNumber": 135
        },
        {
          "declaringClass": "com.luckynick.android.test.BaseActivity$AsyncIterateForFrequencies",
          "methodName": "doInBackground",
          "fileName": "BaseActivity.java",
          "lineNumber": 298
        },
        {
          "declaringClass": "com.luckynick.android.test.BaseActivity$AsyncIterateForFrequencies",
          "methodName": "doInBackground",
          "fileName": "BaseActivity.java",
          "lineNumber": 280
        },
        {
          "declaringClass": "android.os.AsyncTask$2",
          "methodName": "call",
          "fileName": "AsyncTask.java",
          "lineNumber": 305
        },
        {
          "declaringClass": "java.util.concurrent.FutureTask",
          "methodName": "run",
          "fileName": "FutureTask.java",
          "lineNumber": 237
        },
        {
          "declaringClass": "android.os.AsyncTask$SerialExecutor$1",
          "methodName": "run",
          "fileName": "AsyncTask.java",
          "lineNumber": 243
        },
        {
          "declaringClass": "java.util.concurrent.ThreadPoolExecutor",
          "methodName": "runWorker",
          "fileName": "ThreadPoolExecutor.java",
          "lineNumber": 1133
        },
        {
          "declaringClass": "java.util.concurrent.ThreadPoolExecutor$Worker",
          "methodName": "run",
          "fileName": "ThreadPoolExecutor.java",
          "lineNumber": 607
        },
        {
          "declaringClass": "java.lang.Thread",
          "methodName": "run",
          "fileName": "Thread.java",
          "lineNumber": 761
        }
      ],
      "suppressedExceptions": []
    }
  },
  "isDecodingSuccessful": false,
  "messageMatchPecrentage": 0.0,
  "nameOfModelClass": "SingleTestResult",
  "filename": "v1.0-naive_10-100_021218_142824\\result_021218_143350.json\\",
  "wholePath": "data\\models\\results\\singular\\v1.0-naive_10-100_021218_142824\\result_021218_143350.json\\",
  "customPrefix": ""
}