{
  "senderSessionSummary": {
    "summarySource": {
      "macAddress": "48:88:CA:F2:03:5E",
      "localIP": "192.168.43.1",
      "vendor": "LENOVO",
      "model": "Lenovo A1000",
      "os": "Android",
      "osVersion": "5.0",
      "roleOfParticipant": "PEER",
      "isHotspot": true,
      "nameOfModelClass": "Device",
      "filename": "device_null_null_081118_220111.json",
      "wholePath": "data/models/devices/device_LENOVO_Lenovo A1000_081118_224818.json"
    },
    "sendParameters": {
      "soundProductionUnit": "LOUD_SPEAKERS",
      "loudnessLevel": 10,
      "message": "Autem numquam ad."
    },
    "sessionStartDate": 1541713694150
  },
  "receiverSessionSummary": {
    "summarySource": {
      "macAddress": "D4:38:9C:41:1C:9D",
      "localIP": "192.168.43.162",
      "vendor": "Sony",
      "model": "E6633",
      "os": "Android",
      "osVersion": "7.1.1",
      "roleOfParticipant": "PEER",
      "isHotspot": false,
      "nameOfModelClass": "Device",
      "filename": "device_null_null_081118_220113.json",
      "wholePath": "data/models/devices/device_Sony_E6633_081118_220108.json"
    },
    "receiveParameters": {
      "soundConsumptionUnit": "MICROPHONE"
    },
    "message": "»íD\u0015demÒnæmÑefl bd\"",
    "sessionStartDate": 1541710862192,
    "exceptionDuringDecoding": null
  },
  "isDecodingSuccessful": false,
  "messageMatchPecrentage": 31.578947368421055,
  "nameOfModelClass": "SingleTestResult",
  "filename": "081118_220030\\result_081118_220113.json\\",
  "wholePath": "data\\models\\results\\singular\\081118_220030\\result_081118_220113.json\\"
}