{
  "senderSessionSummary": {
    "summarySource": {
      "macAddress": "D4:38:9C:41:1C:9D",
      "localIP": "192.168.43.162",
      "vendor": "Sony",
      "model": "E6633",
      "os": "Android",
      "osVersion": "7.1.1",
      "roleOfParticipant": "PEER",
      "isHotspot": false,
      "nameOfModelClass": "Device",
      "filename": "device_null_null_071118_211950.json",
      "wholePath": "data/models/devices/device_Sony_E6633_071118_211946.json"
    },
    "sendParameters": {
      "soundProductionUnit": "LOUD_SPEAKERS",
      "loudnessLevel": 80,
      "message": "Quisque rhoncus."
    },
    "sessionStartDate": 1541621981802
  },
  "receiverSessionSummary": {
    "summarySource": {
      "macAddress": "48:88:CA:F2:03:5E",
      "localIP": "192.168.43.1",
      "vendor": "LENOVO",
      "model": "Lenovo A1000",
      "os": "Android",
      "osVersion": "5.0",
      "roleOfParticipant": "PEER",
      "isHotspot": true,
      "nameOfModelClass": "Device",
      "filename": "device_null_null_071118_211952.json",
      "wholePath": "data/models/devices/device_LENOVO_Lenovo A1000_071118_220650.json"
    },
    "receiveParameters": {
      "soundConsumptionUnit": "MICROPHONE"
    },
    "message": "Quisque rhoncus\u001e",
    "sessionStartDate": 1541624804344,
    "exceptionDuringDecoding": null
  },
  "isDecodingSuccessful": false,
  "messageMatchPecrentage": 93.75,
  "nameOfModelClass": "SingleTestResult",
  "filename": "071118_210852\\result_071118_211952.json\\",
  "wholePath": "data\\models\\results\\singular\\071118_210852\\result_071118_211952.json\\"
}