{
  "senderSessionSummary": {
    "summarySource": {
      "macAddress": "D4:38:9C:41:1C:9D",
      "localIP": "192.168.43.162",
      "vendor": "Sony",
      "model": "E6633",
      "os": "Android",
      "osVersion": "7.1.1",
      "roleOfParticipant": "PEER",
      "isHotspot": false,
      "nameOfModelClass": "Device",
      "filename": "device_null_null_071118_211800.json",
      "wholePath": "data/models/devices/device_Sony_E6633_071118_211756.json"
    },
    "sendParameters": {
      "soundProductionUnit": "LOUD_SPEAKERS",
      "loudnessLevel": 60,
      "message": "Donec lobortis non metus a faucibus. Nam bibendum rhoncus risus."
    },
    "sessionStartDate": 1541621862840
  },
  "receiverSessionSummary": {
    "summarySource": {
      "macAddress": "48:88:CA:F2:03:5E",
      "localIP": "192.168.43.1",
      "vendor": "LENOVO",
      "model": "Lenovo A1000",
      "os": "Android",
      "osVersion": "5.0",
      "roleOfParticipant": "PEER",
      "isHotspot": true,
      "nameOfModelClass": "Device",
      "filename": "device_null_null_071118_211804.json",
      "wholePath": "data/models/devices/device_LENOVO_Lenovo A1000_071118_220502.json"
    },
    "receiveParameters": {
      "soundConsumptionUnit": "MICROPHONE"
    },
    "message": "null",
    "sessionStartDate": 1541624685472,
    "exceptionDuringDecoding": {
      "detailMessage": "Invalid int: \"0x6\u0000\"",
      "stackTrace": [
        {
          "declaringClass": "java.lang.Integer",
          "methodName": "invalidInt",
          "fileName": "Integer.java",
          "lineNumber": 138
        },
        {
          "declaringClass": "java.lang.Integer",
          "methodName": "parse",
          "fileName": "Integer.java",
          "lineNumber": 410
        },
        {
          "declaringClass": "java.lang.Integer",
          "methodName": "decode",
          "fileName": "Integer.java",
          "lineNumber": 190
        },
        {
          "declaringClass": "com.luckynick.custom.Utils",
          "methodName": "fromHex",
          "fileName": "Utils.java",
          "lineNumber": 87
        },
        {
          "declaringClass": "com.luckynick.android.test.SoundRecognizer",
          "methodName": "iterateForFrequencies",
          "fileName": "SoundRecognizer.java",
          "lineNumber": 183
        },
        {
          "declaringClass": "com.luckynick.android.test.SoundRecognizer",
          "methodName": "iterateForFrequencies",
          "fileName": "SoundRecognizer.java",
          "lineNumber": 137
        },
        {
          "declaringClass": "com.luckynick.android.test.BaseActivity$AsyncIterateForFrequencies",
          "methodName": "doInBackground",
          "fileName": "BaseActivity.java",
          "lineNumber": 249
        },
        {
          "declaringClass": "com.luckynick.android.test.BaseActivity$AsyncIterateForFrequencies",
          "methodName": "doInBackground",
          "fileName": "BaseActivity.java",
          "lineNumber": 241
        },
        {
          "declaringClass": "android.os.AsyncTask$2",
          "methodName": "call",
          "fileName": "AsyncTask.java",
          "lineNumber": 288
        },
        {
          "declaringClass": "java.util.concurrent.FutureTask",
          "methodName": "run",
          "fileName": "FutureTask.java",
          "lineNumber": 237
        },
        {
          "declaringClass": "android.os.AsyncTask$SerialExecutor$1",
          "methodName": "run",
          "fileName": "AsyncTask.java",
          "lineNumber": 231
        },
        {
          "declaringClass": "java.util.concurrent.ThreadPoolExecutor",
          "methodName": "runWorker",
          "fileName": "ThreadPoolExecutor.java",
          "lineNumber": 1112
        },
        {
          "declaringClass": "java.util.concurrent.ThreadPoolExecutor$Worker",
          "methodName": "run",
          "fileName": "ThreadPoolExecutor.java",
          "lineNumber": 587
        },
        {
          "declaringClass": "java.lang.Thread",
          "methodName": "run",
          "fileName": "Thread.java",
          "lineNumber": 818
        }
      ],
      "suppressedExceptions": []
    }
  },
  "isDecodingSuccessful": false,
  "messageMatchPecrentage": 0.0,
  "nameOfModelClass": "SingleTestResult",
  "filename": "071118_210852\\result_071118_211804.json\\",
  "wholePath": "data\\models\\results\\singular\\071118_210852\\result_071118_211804.json\\"
}