{
  "senderSessionSummary": {
    "summarySource": {
      "macAddress": "48:88:CA:F2:03:5E",
      "localIP": "192.168.43.1",
      "vendor": "LENOVO",
      "model": "Lenovo A1000",
      "os": "Android",
      "osVersion": "5.0",
      "roleOfParticipant": "PEER",
      "isHotspot": true,
      "nameOfModelClass": "Device",
      "filename": "device_null_null_081118_215722.json",
      "wholePath": "data/models/devices/device_LENOVO_Lenovo A1000_081118_224429.json"
    },
    "sendParameters": {
      "soundProductionUnit": "LOUD_SPEAKERS",
      "loudnessLevel": 70,
      "message": "az"
    },
    "sessionStartDate": 1541713467730
  },
  "receiverSessionSummary": {
    "summarySource": {
      "macAddress": "D4:38:9C:41:1C:9D",
      "localIP": "192.168.43.162",
      "vendor": "Sony",
      "model": "E6633",
      "os": "Android",
      "osVersion": "7.1.1",
      "roleOfParticipant": "PEER",
      "isHotspot": false,
      "nameOfModelClass": "Device",
      "filename": "device_null_null_081118_215724.json",
      "wholePath": "data/models/devices/device_Sony_E6633_081118_215719.json"
    },
    "receiveParameters": {
      "soundConsumptionUnit": "MICROPHONE"
    },
    "message": "az",
    "sessionStartDate": 1541710635790,
    "exceptionDuringDecoding": null
  },
  "isDecodingSuccessful": true,
  "messageMatchPecrentage": 100.0,
  "nameOfModelClass": "SingleTestResult",
  "filename": "081118_215042\\result_081118_215724.json\\",
  "wholePath": "data\\models\\results\\singular\\081118_215042\\result_081118_215724.json\\"
}