{
  "senderSessionSummary": {
    "summarySource": {
      "macAddress": "48:88:CA:F2:03:5E",
      "localIP": "192.168.43.1",
      "vendor": "LENOVO",
      "model": "Lenovo A1000",
      "os": "Android",
      "osVersion": "5.0",
      "roleOfParticipant": "PEER",
      "isHotspot": true,
      "nameOfModelClass": "Device",
      "filename": "device_null_null_021218_145155.json",
      "wholePath": "data/models/devices/device_LENOVO_Lenovo A1000_021218_154241.json",
      "customPrefix": ""
    },
    "sendParameters": {
      "soundProductionUnit": "LOUD_SPEAKERS",
      "loudnessLevel": 100,
      "message": "Pri ad.",
      "frequenciesBindingShift": 0,
      "frequenciesBindingScale": 1.0
    },
    "sessionStartDate": 1543761759093
  },
  "receiverSessionSummary": {
    "summarySource": {
      "macAddress": "D4:38:9C:41:1C:9D",
      "localIP": "192.168.43.162",
      "vendor": "Sony",
      "model": "E6633",
      "os": "Android",
      "osVersion": "7.1.1",
      "roleOfParticipant": "PEER",
      "isHotspot": false,
      "nameOfModelClass": "Device",
      "filename": "device_null_null_021218_145158.json",
      "wholePath": "data/models/devices/device_Sony_E6633_021218_145200.json",
      "customPrefix": ""
    },
    "receiveParameters": {
      "soundConsumptionUnit": "MICROPHONE",
      "frequenciesBindingShift": 0,
      "frequenciesBindingScale": 1.0
    },
    "message": "?ri qd.",
    "sessionStartDate": 1543758715834,
    "exceptionDuringDecoding": null
  },
  "isDecodingSuccessful": false,
  "messageMatchPecrentage": 71.42857142857143,
  "nameOfModelClass": "SingleTestResult",
  "filename": "v1.0-naive_10-100_021218_144024\\result_021218_145158.json\\",
  "wholePath": "data\\models\\results\\singular\\v1.0-naive_10-100_021218_144024\\result_021218_145158.json\\",
  "customPrefix": ""
}