{
  "senderSessionSummary": {
    "summarySource": {
      "macAddress": "D4:38:9C:41:1C:9D",
      "localIP": "192.168.43.162",
      "vendor": "Sony",
      "model": "E6633",
      "os": "Android",
      "osVersion": "7.1.1",
      "roleOfParticipant": "PEER",
      "isHotspot": false,
      "nameOfModelClass": "Device",
      "filename": "device_null_null_021218_150928.json",
      "wholePath": "data/models/devices/device_Sony_E6633_021218_150931.json",
      "customPrefix": ""
    },
    "sendParameters": {
      "soundProductionUnit": "LOUD_SPEAKERS",
      "loudnessLevel": 40,
      "message": "No commodo.",
      "frequenciesBindingShift": 0,
      "frequenciesBindingScale": 1.0
    },
    "sessionStartDate": 1543759768290
  },
  "receiverSessionSummary": {
    "summarySource": {
      "macAddress": "48:88:CA:F2:03:5E",
      "localIP": "192.168.43.1",
      "vendor": "LENOVO",
      "model": "Lenovo A1000",
      "os": "Android",
      "osVersion": "5.0",
      "roleOfParticipant": "PEER",
      "isHotspot": true,
      "nameOfModelClass": "Device",
      "filename": "device_null_null_021218_150930.json",
      "wholePath": "data/models/devices/device_LENOVO_Lenovo A1000_021218_160015.json",
      "customPrefix": ""
    },
    "receiveParameters": {
      "soundConsumptionUnit": "MICROPHONE",
      "frequenciesBindingShift": 0,
      "frequenciesBindingScale": 1.0
    },
    "message": "null",
    "sessionStartDate": 1543762809697,
    "exceptionDuringDecoding": {
      "detailMessage": "length\u003d19; index\u003d19",
      "stackTrace": [
        {
          "declaringClass": "java.lang.String",
          "methodName": "indexAndLength",
          "fileName": "String.java",
          "lineNumber": 500
        },
        {
          "declaringClass": "java.lang.String",
          "methodName": "charAt",
          "fileName": "String.java",
          "lineNumber": 494
        },
        {
          "declaringClass": "com.luckynick.custom.Utils",
          "methodName": "fromHex",
          "fileName": "Utils.java",
          "lineNumber": 96
        },
        {
          "declaringClass": "com.luckynick.android.test.SoundRecognizer",
          "methodName": "iterateForFrequencies",
          "fileName": "SoundRecognizer.java",
          "lineNumber": 186
        },
        {
          "declaringClass": "com.luckynick.android.test.SoundRecognizer",
          "methodName": "iterateForFrequencies",
          "fileName": "SoundRecognizer.java",
          "lineNumber": 135
        },
        {
          "declaringClass": "com.luckynick.android.test.BaseActivity$AsyncIterateForFrequencies",
          "methodName": "doInBackground",
          "fileName": "BaseActivity.java",
          "lineNumber": 298
        },
        {
          "declaringClass": "com.luckynick.android.test.BaseActivity$AsyncIterateForFrequencies",
          "methodName": "doInBackground",
          "fileName": "BaseActivity.java",
          "lineNumber": 280
        },
        {
          "declaringClass": "android.os.AsyncTask$2",
          "methodName": "call",
          "fileName": "AsyncTask.java",
          "lineNumber": 288
        },
        {
          "declaringClass": "java.util.concurrent.FutureTask",
          "methodName": "run",
          "fileName": "FutureTask.java",
          "lineNumber": 237
        },
        {
          "declaringClass": "android.os.AsyncTask$SerialExecutor$1",
          "methodName": "run",
          "fileName": "AsyncTask.java",
          "lineNumber": 231
        },
        {
          "declaringClass": "java.util.concurrent.ThreadPoolExecutor",
          "methodName": "runWorker",
          "fileName": "ThreadPoolExecutor.java",
          "lineNumber": 1112
        },
        {
          "declaringClass": "java.util.concurrent.ThreadPoolExecutor$Worker",
          "methodName": "run",
          "fileName": "ThreadPoolExecutor.java",
          "lineNumber": 587
        },
        {
          "declaringClass": "java.lang.Thread",
          "methodName": "run",
          "fileName": "Thread.java",
          "lineNumber": 818
        }
      ],
      "suppressedExceptions": []
    }
  },
  "isDecodingSuccessful": false,
  "messageMatchPecrentage": 0.0,
  "nameOfModelClass": "SingleTestResult",
  "filename": "v1.0-naive_10-100_021218_150521\\result_021218_150930.json\\",
  "wholePath": "data\\models\\results\\singular\\v1.0-naive_10-100_021218_150521\\result_021218_150930.json\\",
  "customPrefix": ""
}