{
  "senderSessionSummary": {
    "summarySource": {
      "macAddress": "48:88:CA:F2:03:5E",
      "localIP": "192.168.43.1",
      "vendor": "LENOVO",
      "model": "Lenovo A1000",
      "os": "Android",
      "osVersion": "5.0",
      "roleOfParticipant": "PEER",
      "isHotspot": true,
      "nameOfModelClass": "Device",
      "filename": "device_null_null_071118_212007.json",
      "wholePath": "data/models/devices/device_LENOVO_Lenovo A1000_071118_220706.json"
    },
    "sendParameters": {
      "soundProductionUnit": "LOUD_SPEAKERS",
      "loudnessLevel": 80,
      "message": "Word"
    },
    "sessionStartDate": 1541624824470
  },
  "receiverSessionSummary": {
    "summarySource": {
      "macAddress": "D4:38:9C:41:1C:9D",
      "localIP": "192.168.43.162",
      "vendor": "Sony",
      "model": "E6633",
      "os": "Android",
      "osVersion": "7.1.1",
      "roleOfParticipant": "PEER",
      "isHotspot": false,
      "nameOfModelClass": "Device",
      "filename": "device_null_null_071118_212011.json",
      "wholePath": "data/models/devices/device_Sony_E6633_071118_212007.json"
    },
    "receiveParameters": {
      "soundConsumptionUnit": "MICROPHONE"
    },
    "message": "null",
    "sessionStartDate": 1541622001808,
    "exceptionDuringDecoding": {
      "detailMessage": "length\u003d41; regionStart\u003d2; regionLength\u003d-3",
      "stackTrace": [
        {
          "declaringClass": "java.lang.String",
          "methodName": "substring",
          "fileName": "String.java",
          "lineNumber": 1931
        },
        {
          "declaringClass": "com.luckynick.android.test.SoundRecognizer",
          "methodName": "iterateForFrequencies",
          "fileName": "SoundRecognizer.java",
          "lineNumber": 182
        },
        {
          "declaringClass": "com.luckynick.android.test.SoundRecognizer",
          "methodName": "iterateForFrequencies",
          "fileName": "SoundRecognizer.java",
          "lineNumber": 137
        },
        {
          "declaringClass": "com.luckynick.android.test.BaseActivity$AsyncIterateForFrequencies",
          "methodName": "doInBackground",
          "fileName": "BaseActivity.java",
          "lineNumber": 249
        },
        {
          "declaringClass": "com.luckynick.android.test.BaseActivity$AsyncIterateForFrequencies",
          "methodName": "doInBackground",
          "fileName": "BaseActivity.java",
          "lineNumber": 241
        },
        {
          "declaringClass": "android.os.AsyncTask$2",
          "methodName": "call",
          "fileName": "AsyncTask.java",
          "lineNumber": 305
        },
        {
          "declaringClass": "java.util.concurrent.FutureTask",
          "methodName": "run",
          "fileName": "FutureTask.java",
          "lineNumber": 237
        },
        {
          "declaringClass": "android.os.AsyncTask$SerialExecutor$1",
          "methodName": "run",
          "fileName": "AsyncTask.java",
          "lineNumber": 243
        },
        {
          "declaringClass": "java.util.concurrent.ThreadPoolExecutor",
          "methodName": "runWorker",
          "fileName": "ThreadPoolExecutor.java",
          "lineNumber": 1133
        },
        {
          "declaringClass": "java.util.concurrent.ThreadPoolExecutor$Worker",
          "methodName": "run",
          "fileName": "ThreadPoolExecutor.java",
          "lineNumber": 607
        },
        {
          "declaringClass": "java.lang.Thread",
          "methodName": "run",
          "fileName": "Thread.java",
          "lineNumber": 761
        }
      ],
      "suppressedExceptions": []
    }
  },
  "isDecodingSuccessful": false,
  "messageMatchPecrentage": 0.0,
  "nameOfModelClass": "SingleTestResult",
  "filename": "071118_210852\\result_071118_212011.json\\",
  "wholePath": "data\\models\\results\\singular\\071118_210852\\result_071118_212011.json\\"
}