{
  "senderSessionSummary": {
    "summarySource": {
      "macAddress": "D4:38:9C:41:1C:9D",
      "localIP": "192.168.43.162",
      "vendor": "Sony",
      "model": "E6633",
      "os": "Android",
      "osVersion": "7.1.1",
      "roleOfParticipant": "PEER",
      "isHotspot": false,
      "nameOfModelClass": "Device",
      "filename": "device_null_null_071118_211401.json",
      "wholePath": "data/models/devices/device_Sony_E6633_071118_211357.json"
    },
    "sendParameters": {
      "soundProductionUnit": "LOUD_SPEAKERS",
      "loudnessLevel": 40,
      "message": "Ut tincidunt."
    },
    "sessionStartDate": 1541621633758
  },
  "receiverSessionSummary": {
    "summarySource": {
      "macAddress": "48:88:CA:F2:03:5E",
      "localIP": "192.168.43.1",
      "vendor": "LENOVO",
      "model": "Lenovo A1000",
      "os": "Android",
      "osVersion": "5.0",
      "roleOfParticipant": "PEER",
      "isHotspot": true,
      "nameOfModelClass": "Device",
      "filename": "device_null_null_071118_211404.json",
      "wholePath": "data/models/devices/device_LENOVO_Lenovo A1000_071118_220102.json"
    },
    "receiveParameters": {
      "soundConsumptionUnit": "MICROPHONE"
    },
    "message": "Ut tincidunt.",
    "sessionStartDate": 1541624456372,
    "exceptionDuringDecoding": null
  },
  "isDecodingSuccessful": true,
  "messageMatchPecrentage": 100.0,
  "nameOfModelClass": "SingleTestResult",
  "filename": "071118_210852\\result_071118_211404.json\\",
  "wholePath": "data\\models\\results\\singular\\071118_210852\\result_071118_211404.json\\"
}