{
  "senderSessionSummary": {
    "summarySource": {
      "macAddress": "48:88:CA:F2:03:5E",
      "localIP": "192.168.43.1",
      "vendor": "LENOVO",
      "model": "Lenovo A1000",
      "os": "Android",
      "osVersion": "5.0",
      "roleOfParticipant": "PEER",
      "isHotspot": true,
      "nameOfModelClass": "Device",
      "filename": "device_null_null_021218_150003.json",
      "wholePath": "data/models/devices/device_LENOVO_Lenovo A1000_021218_155048.json",
      "customPrefix": ""
    },
    "sendParameters": {
      "soundProductionUnit": "LOUD_SPEAKERS",
      "loudnessLevel": 60,
      "message": "Ne discere fuisset partiendo.",
      "frequenciesBindingShift": 0,
      "frequenciesBindingScale": 1.0
    },
    "sessionStartDate": 1543762242141
  },
  "receiverSessionSummary": {
    "summarySource": {
      "macAddress": "D4:38:9C:41:1C:9D",
      "localIP": "192.168.43.162",
      "vendor": "Sony",
      "model": "E6633",
      "os": "Android",
      "osVersion": "7.1.1",
      "roleOfParticipant": "PEER",
      "isHotspot": false,
      "nameOfModelClass": "Device",
      "filename": "device_null_null_021218_150006.json",
      "wholePath": "data/models/devices/device_Sony_E6633_021218_150009.json",
      "customPrefix": ""
    },
    "receiveParameters": {
      "soundConsumptionUnit": "MICROPHONE",
      "frequenciesBindingShift": 0,
      "frequenciesBindingScale": 1.0
    },
    "message": "?????c??r?????ss?? p??ti???o.",
    "sessionStartDate": 1543759198831,
    "exceptionDuringDecoding": null
  },
  "isDecodingSuccessful": false,
  "messageMatchPecrentage": 31.03448275862069,
  "nameOfModelClass": "SingleTestResult",
  "filename": "v1.0-naive_10-100_021218_145252\\result_021218_150006.json\\",
  "wholePath": "data\\models\\results\\singular\\v1.0-naive_10-100_021218_145252\\result_021218_150006.json\\",
  "customPrefix": ""
}