{
  "senderSessionSummary": {
    "summarySource": {
      "macAddress": "D4:38:9C:41:1C:9D",
      "localIP": "192.168.43.162",
      "vendor": "Sony",
      "model": "E6633",
      "os": "Android",
      "osVersion": "7.1.1",
      "roleOfParticipant": "PEER",
      "isHotspot": false,
      "nameOfModelClass": "Device",
      "filename": "device_null_null_021218_145916.json",
      "wholePath": "data/models/devices/device_Sony_E6633_021218_145918.json",
      "customPrefix": ""
    },
    "sendParameters": {
      "soundProductionUnit": "LOUD_SPEAKERS",
      "loudnessLevel": 60,
      "message": "Add.",
      "frequenciesBindingShift": 0,
      "frequenciesBindingScale": 1.0
    },
    "sessionStartDate": 1543759157278
  },
  "receiverSessionSummary": {
    "summarySource": {
      "macAddress": "48:88:CA:F2:03:5E",
      "localIP": "192.168.43.1",
      "vendor": "LENOVO",
      "model": "Lenovo A1000",
      "os": "Android",
      "osVersion": "5.0",
      "roleOfParticipant": "PEER",
      "isHotspot": true,
      "nameOfModelClass": "Device",
      "filename": "device_null_null_021218_145917.json",
      "wholePath": "data/models/devices/device_LENOVO_Lenovo A1000_021218_155002.json",
      "customPrefix": ""
    },
    "receiveParameters": {
      "soundConsumptionUnit": "MICROPHONE",
      "frequenciesBindingShift": 0,
      "frequenciesBindingScale": 1.0
    },
    "message": "Add.",
    "sessionStartDate": 1543762199556,
    "exceptionDuringDecoding": null
  },
  "isDecodingSuccessful": true,
  "messageMatchPecrentage": 100.0,
  "nameOfModelClass": "SingleTestResult",
  "filename": "v1.0-naive_10-100_021218_145252\\result_021218_145917.json\\",
  "wholePath": "data\\models\\results\\singular\\v1.0-naive_10-100_021218_145252\\result_021218_145917.json\\",
  "customPrefix": ""
}