{
  "senderSessionSummary": {
    "summarySource": {
      "macAddress": "48:88:CA:F2:03:5E",
      "localIP": "192.168.43.1",
      "vendor": "LENOVO",
      "model": "Lenovo A1000",
      "os": "Android",
      "osVersion": "5.0",
      "roleOfParticipant": "PEER",
      "isHotspot": true,
      "nameOfModelClass": "Device",
      "filename": "device_null_null_081118_214107.json",
      "wholePath": "data/models/devices/device_LENOVO_Lenovo A1000_081118_222814.json"
    },
    "sendParameters": {
      "soundProductionUnit": "LOUD_SPEAKERS",
      "loudnessLevel": 30,
      "message": "No commodo."
    },
    "sessionStartDate": 1541712491538
  },
  "receiverSessionSummary": {
    "summarySource": {
      "macAddress": "D4:38:9C:41:1C:9D",
      "localIP": "192.168.43.162",
      "vendor": "Sony",
      "model": "E6633",
      "os": "Android",
      "osVersion": "7.1.1",
      "roleOfParticipant": "PEER",
      "isHotspot": false,
      "nameOfModelClass": "Device",
      "filename": "device_null_null_081118_214109.json",
      "wholePath": "data/models/devices/device_Sony_E6633_081118_214104.json"
    },
    "receiveParameters": {
      "soundConsumptionUnit": "MICROPHONE"
    },
    "message": "null",
    "sessionStartDate": 1541709659685,
    "exceptionDuringDecoding": {
      "detailMessage": "For input string: \"6\u0000\"",
      "stackTrace": [
        {
          "declaringClass": "java.lang.Integer",
          "methodName": "parseInt",
          "fileName": "Integer.java",
          "lineNumber": 521
        },
        {
          "declaringClass": "java.lang.Integer",
          "methodName": "valueOf",
          "fileName": "Integer.java",
          "lineNumber": 585
        },
        {
          "declaringClass": "java.lang.Integer",
          "methodName": "decode",
          "fileName": "Integer.java",
          "lineNumber": 1026
        },
        {
          "declaringClass": "com.luckynick.custom.Utils",
          "methodName": "fromHex",
          "fileName": "Utils.java",
          "lineNumber": 87
        },
        {
          "declaringClass": "com.luckynick.android.test.SoundRecognizer",
          "methodName": "iterateForFrequencies",
          "fileName": "SoundRecognizer.java",
          "lineNumber": 183
        },
        {
          "declaringClass": "com.luckynick.android.test.SoundRecognizer",
          "methodName": "iterateForFrequencies",
          "fileName": "SoundRecognizer.java",
          "lineNumber": 137
        },
        {
          "declaringClass": "com.luckynick.android.test.BaseActivity$AsyncIterateForFrequencies",
          "methodName": "doInBackground",
          "fileName": "BaseActivity.java",
          "lineNumber": 249
        },
        {
          "declaringClass": "com.luckynick.android.test.BaseActivity$AsyncIterateForFrequencies",
          "methodName": "doInBackground",
          "fileName": "BaseActivity.java",
          "lineNumber": 241
        },
        {
          "declaringClass": "android.os.AsyncTask$2",
          "methodName": "call",
          "fileName": "AsyncTask.java",
          "lineNumber": 305
        },
        {
          "declaringClass": "java.util.concurrent.FutureTask",
          "methodName": "run",
          "fileName": "FutureTask.java",
          "lineNumber": 237
        },
        {
          "declaringClass": "android.os.AsyncTask$SerialExecutor$1",
          "methodName": "run",
          "fileName": "AsyncTask.java",
          "lineNumber": 243
        },
        {
          "declaringClass": "java.util.concurrent.ThreadPoolExecutor",
          "methodName": "runWorker",
          "fileName": "ThreadPoolExecutor.java",
          "lineNumber": 1133
        },
        {
          "declaringClass": "java.util.concurrent.ThreadPoolExecutor$Worker",
          "methodName": "run",
          "fileName": "ThreadPoolExecutor.java",
          "lineNumber": 607
        },
        {
          "declaringClass": "java.lang.Thread",
          "methodName": "run",
          "fileName": "Thread.java",
          "lineNumber": 761
        }
      ],
      "suppressedExceptions": []
    }
  },
  "isDecodingSuccessful": false,
  "messageMatchPecrentage": 0.0,
  "nameOfModelClass": "SingleTestResult",
  "filename": "081118_213823\\result_081118_214109.json\\",
  "wholePath": "data\\models\\results\\singular\\081118_213823\\result_081118_214109.json\\"
}